algorithm,input_size,n,execution_time_mean,execution_time_std,execution_time_ci95,nodes_expanded_mean,nodes_expanded_std,nodes_expanded_ci95,path_length_mean,path_length_std,path_length_ci95,time_improvement_pct,nodes_improvement_pct,path_length_delta
baseline_astar,20,10,0.00025576230000001754,9.26854758105811e-05,5.744705307726395e-05,65.5,20.023597190426212,12.410754118013047,38.0,0.0,0.0,0.0,0.0,0.0
enhanced_weighted_astar_dynamic,20,10,0.00029157090000000443,8.524940070623043e-05,5.2838125977626766e-05,56.3,16.905291742199804,10.478008377337535,42.2,4.565571644870382,2.8297706228204746,-14.000734275530222,14.045801526717561,4.200000000000003
baseline_astar,40,20,0.0007134081999999959,0.00036552148181981625,0.0001601968525947703,179.4,92.31205657699152,40.457542595196074,78.0,0.0,0.0,0.0,0.0,0.0
enhanced_weighted_astar,40,70,0.0006730625285714347,0.0003980087856358059,9.323945152223759e-05,142.74285714285713,92.30473879120524,21.623751857755792,82.91428571428571,4.081569949237378,0.9561681981682962,5.655341700384357,20.433189998407396,4.914285714285711
enhanced_weighted_astar_dynamic,40,20,0.0006201750999999895,0.00011837967341296496,5.1882179393500376e-05,112.95,22.961008138512607,10.063105505809459,86.6,4.728413553914474,2.0723186099276893,13.068689145990604,37.04013377926421,8.599999999999994
enhanced_weighted_astar_nomemo,40,10,0.0005486415000000022,9.833889522941529e-05,6.0951078735885284e-05,120.5,25.404505287229842,15.745875509337536,83.4,3.533962208186286,2.190372469594054,23.09571154354472,32.83166109253066,5.400000000000006
baseline_astar,60,10,0.0019405916000000078,0.0018265358058031599,0.0011320986213410403,497.9,452.64051225374567,280.5494960774895,118.2,0.6324555320336759,0.39199999999999996,0.0,0.0,0.0
enhanced_weighted_astar_dynamic,60,10,0.000942366700000008,0.00014504938938784493,8.99025429617203e-05,175.2,36.605403365562786,22.688264063656835,131.8,4.157990967870046,2.5771495019799593,51.439205446421376,64.81221128740711,13.600000000000009
